Size,Count,Frequency,Fraction of total molecules
1,5,0.7142857142857143,0.5
2,1,0.14285714285714285,0.2
3,1,0.14285714285714285,0.3
