Time, Free, Bound,State0,PRM_SH3_2,
0.0,20,0,20,0,
0.0040000099999842244,10,10,20,10,
0.00800000999996047,9,11,20,11,
0.012000009999936714,7,13,20,13,
0.016000009999978013,9,11,20,11,
0.020000000000648145,7,13,20,13,
0.02400000000131828,6,14,20,14,
0.028000000001988413,6,14,20,14,
0.03200000000265855,8,12,20,12,
0.03600000000332868,7,13,20,13,
0.040000000003998816,4,16,20,16,
0.04400000000466895,6,14,20,14,
0.048000000005339084,4,16,20,16,
