Time, Free, Bound,State0,PRM_SH3_3,
0.0,20,0,20,0,
0.0040000099999842244,12,8,20,8,
0.00800000999996047,9,11,20,11,
0.012000009999936714,8,12,20,12,
0.016000009999978013,5,15,20,15,
0.020000000000648145,6,14,20,14,
0.02400000000131828,9,11,20,11,
0.028000000001988413,6,14,20,14,
0.03200000000265855,7,13,20,13,
0.03600000000332868,8,12,20,12,
0.040000000003998816,9,11,20,11,
0.04400000000466895,6,14,20,14,
0.048000000005339084,4,16,20,16,
