Time, Free, Bound,p,pY_SH2_binding_2,
0.0,6,0,6,0,
0.0040000099999842244,4,2,6,2,
0.00800000999996047,3,3,6,3,
0.012000009999936714,4,2,6,2,
0.016000009999978013,3,3,6,3,
0.020000000000648145,3,3,6,3,
0.02400000000131828,3,3,6,3,
0.028000000001988413,3,3,6,3,
0.03200000000265855,2,4,6,4,
0.03600000000332868,2,4,6,4,
0.040000000003998816,2,4,6,4,
0.04400000000466895,1,5,6,5,
0.048000000005339084,0,6,6,6,
