Time, Free, Bound,State0,PRM_SH3_1,PRM_SH3_2,PRM_SH3_3,
0.0,10,0,10,0,0,0,
0.0040000099999842244,5,5,10,0,1,4,
0.00800000999996047,5,5,10,2,2,1,
0.012000009999936714,6,4,10,2,1,1,
0.016000009999978013,6,4,10,2,0,2,
0.020000000000648145,4,6,10,1,4,1,
0.02400000000131828,4,6,10,4,1,1,
0.028000000001988413,3,7,10,3,3,1,
0.03200000000265855,4,6,10,2,2,2,
0.03600000000332868,6,4,10,2,1,1,
0.040000000003998816,3,7,10,4,2,1,
0.04400000000466895,2,8,10,3,2,3,
0.048000000005339084,3,7,10,3,1,3,
