Size,Count,Frequency,Fraction of total molecules
1,2,0.18181818181818182,0.05555555555555555
2,4,0.36363636363636365,0.2222222222222222
3,1,0.09090909090909091,0.08333333333333333
4,2,0.18181818181818182,0.2222222222222222
7,1,0.09090909090909091,0.19444444444444445
8,1,0.09090909090909091,0.2222222222222222
