Size,Count,Frequency,Fraction of total molecules
1,1,0.14285714285714285,0.027777777777777776
2,2,0.2857142857142857,0.1111111111111111
3,1,0.14285714285714285,0.08333333333333333
7,1,0.14285714285714285,0.19444444444444445
10,1,0.14285714285714285,0.2777777777777778
11,1,0.14285714285714285,0.3055555555555556
