Size,Count,Frequency,Fraction of total molecules
1,5,0.38461538461538464,0.1388888888888889
2,5,0.38461538461538464,0.2777777777777778
3,1,0.07692307692307693,0.08333333333333333
5,1,0.07692307692307693,0.1388888888888889
13,1,0.07692307692307693,0.3611111111111111
