Size,Frequency,Fraction of total molecules
1,0.7472222222222222,0.6200000000000001
2,0.22777777777777777,0.32
3,0.025,0.06
