Size,Frequency,Fraction of total molecules
1,0.7123015873015873,0.56
2,0.2341269841269841,0.32
3,0.05357142857142857,0.12
