BondCounts,frequency
1,0.2210144927536232
2,0.213768115942029
3,0.39492753623188404
4,0.06884057971014493
5,0.07246376811594203
6,0.028985507246376812
