BondCounts,frequency
1,0.21678321678321677
2,0.18181818181818182
3,0.44755244755244755
4,0.06293706293706294
5,0.06293706293706294
6,0.027972027972027972
