BondCounts,frequency
1,0.15335463258785942
2,0.21725239616613418
3,0.41214057507987223
4,0.08626198083067092
5,0.08626198083067092
6,0.04472843450479233
