BondCounts,frequency
1,0.1282051282051282
2,0.2564102564102564
3,0.2692307692307692
4,0.19230769230769232
5,0.08974358974358974
6,0.0641025641025641
