BondCounts,frequency
1,0.13793103448275862
2,0.2413793103448276
3,0.3103448275862069
4,0.1724137931034483
5,0.06896551724137931
6,0.06896551724137931
