Size,Frequency,Fraction of total molecules
1,0.13166666666666665,0.03333333333333334
2,0.23611111111111108,0.12222222222222223
3,0.17444444444444446,0.13333333333333333
4,0.14722222222222223,0.15555555555555553
5,0.11388888888888889,0.1388888888888889
6,0.042222222222222223,0.06666666666666667
7,0.065,0.11666666666666667
8,0.042222222222222223,0.08888888888888888
11,0.025,0.061111111111111116
15,0.02222222222222222,0.08333333333333334
