Size,Frequency,Fraction of total molecules
1,0.17806637806637807,0.05
2,0.34199134199134196,0.18888888888888888
3,0.10533910533910533,0.08333333333333333
4,0.1821067821067821,0.2
5,0.06897546897546898,0.08333333333333334
8,0.03636363636363636,0.08888888888888888
11,0.01818181818181818,0.061111111111111116
12,0.01818181818181818,0.06666666666666667
13,0.02222222222222222,0.07222222222222222
19,0.02857142857142857,0.10555555555555556
