Size,Frequency,Fraction of total molecules
1,0.3836317135549872,0.20555555555555555
2,0.3403466894003978,0.3555555555555555
3,0.2147144075021313,0.31666666666666665
4,0.038431372549019606,0.06666666666666667
5,0.02287581699346405,0.05555555555555556
