Size,Frequency,Fraction of total molecules
1,0.1706818181818182,0.061111111111111116
2,0.3562121212121212,0.2333333333333333
3,0.2077272727272727,0.2
4,0.14136363636363636,0.17777777777777776
5,0.0325,0.05555555555555556
7,0.016666666666666666,0.03888888888888889
9,0.05484848484848485,0.15
15,0.02,0.08333333333333334
