Time, Free, Bound,State0,PRM_SH3_1,
0.0,20,0,20,0,
0.0040000099999842244,9,11,20,11,
0.00800000999996047,6,14,20,14,
0.012000009999936714,6,14,20,14,
0.016000009999978013,8,12,20,12,
0.020000000000648145,8,12,20,12,
0.02400000000131828,7,13,20,13,
0.028000000001988413,6,14,20,14,
0.03200000000265855,2,18,20,18,
0.03600000000332868,3,17,20,17,
0.040000000003998816,4,16,20,16,
0.04400000000466895,4,16,20,16,
0.048000000005339084,4,16,20,16,
