Size,Count,Frequency,Fraction of total molecules
1,5,0.10204081632653061,0.027777777777777776
2,14,0.2857142857142857,0.15555555555555556
3,10,0.20408163265306123,0.16666666666666666
4,8,0.16326530612244897,0.17777777777777778
5,4,0.08163265306122448,0.1111111111111111
6,2,0.04081632653061224,0.06666666666666667
7,2,0.04081632653061224,0.07777777777777778
8,2,0.04081632653061224,0.08888888888888889
10,1,0.02040816326530612,0.05555555555555555
13,1,0.02040816326530612,0.07222222222222222
