BondCounts,frequency
1,0.37037037037037035
2,0.6296296296296297
