Cluster size,frequency,foTM
1,0.4738095238095238,0.2799999999999999
2,0.3976190476190476,0.44
3,0.0285714285714285,0.06
5,0.05,0.1
6,0.05,0.12
