Size,Count,Frequency,Fraction of total molecules
1,8,0.14814814814814814,0.044444444444444446
2,16,0.2962962962962963,0.17777777777777778
3,10,0.18518518518518517,0.16666666666666666
4,11,0.2037037037037037,0.24444444444444444
5,3,0.05555555555555555,0.08333333333333333
6,1,0.018518518518518517,0.03333333333333333
7,1,0.018518518518518517,0.03888888888888889
8,2,0.037037037037037035,0.08888888888888889
11,2,0.037037037037037035,0.12222222222222222
