Size,Count,Frequency,Fraction of total molecules
1,24,0.3,0.13333333333333333
2,26,0.325,0.28888888888888886
3,23,0.2875,0.38333333333333336
4,3,0.0375,0.06666666666666667
5,3,0.0375,0.08333333333333333
8,1,0.0125,0.044444444444444446
