Size,Count,Frequency,Fraction of total molecules
1,10,0.15873015873015872,0.05555555555555555
2,24,0.38095238095238093,0.26666666666666666
3,15,0.23809523809523808,0.25
4,9,0.14285714285714285,0.2
6,2,0.031746031746031744,0.06666666666666667
8,1,0.015873015873015872,0.044444444444444446
10,1,0.015873015873015872,0.05555555555555555
11,1,0.015873015873015872,0.06111111111111111
