Size,Count,Frequency,Fraction of total molecules
1,9,0.15254237288135594,0.05
2,19,0.3220338983050847,0.2111111111111111
3,9,0.15254237288135594,0.15
4,12,0.2033898305084746,0.26666666666666666
5,7,0.11864406779661017,0.19444444444444445
7,1,0.01694915254237288,0.03888888888888889
8,2,0.03389830508474576,0.08888888888888889
