Size,Count,Frequency,Fraction of total molecules
1,37,0.3978494623655914,0.20555555555555555
2,32,0.34408602150537637,0.35555555555555557
3,19,0.20430107526881722,0.31666666666666665
4,3,0.03225806451612903,0.06666666666666667
5,2,0.021505376344086023,0.05555555555555555
