Size,Count,Frequency,Fraction of total molecules
1,25,0.32051282051282054,0.1388888888888889
2,24,0.3076923076923077,0.26666666666666666
3,16,0.20512820512820512,0.26666666666666666
4,9,0.11538461538461539,0.2
5,2,0.02564102564102564,0.05555555555555555
6,1,0.01282051282051282,0.03333333333333333
7,1,0.01282051282051282,0.03888888888888889
