Size,Count,Frequency,Fraction of total molecules
1,9,0.1836734693877551,0.05
2,17,0.3469387755102041,0.18888888888888888
3,5,0.10204081632653061,0.08333333333333333
4,9,0.1836734693877551,0.2
5,3,0.061224489795918366,0.08333333333333333
8,2,0.04081632653061224,0.08888888888888889
11,1,0.02040816326530612,0.06111111111111111
12,1,0.02040816326530612,0.06666666666666667
13,1,0.02040816326530612,0.07222222222222222
19,1,0.02040816326530612,0.10555555555555556
