Size,Count,Frequency,Fraction of total molecules
1,4,0.5714285714285714,0.4
2,3,0.42857142857142855,0.6
