,Clusters,NWASP,NCK,NEPHRIN
0,2,0.3833333333333333,0.49999999999999994,0.11666666666666665
1,3,0.3238095238095239,0.6555555555555557,0.020634920634920603
2,4,0.25,0.5625,0.1875
3,5,0.25,0.5,0.25
4,8,0.125,0.625,0.25
