Size,Count,Frequency,Fraction of total molecules
1,4,0.36363636363636365,0.1111111111111111
2,1,0.09090909090909091,0.05555555555555555
3,2,0.18181818181818182,0.16666666666666666
4,2,0.18181818181818182,0.2222222222222222
8,2,0.18181818181818182,0.4444444444444444
