Size,Count,Frequency,Fraction of total molecules
1,5,0.35714285714285715,0.1388888888888889
2,3,0.21428571428571427,0.16666666666666666
3,4,0.2857142857142857,0.3333333333333333
6,1,0.07142857142857142,0.16666666666666666
7,1,0.07142857142857142,0.19444444444444445
