Size,Count,Frequency,Fraction of total molecules
1,2,0.25,0.05555555555555555
2,3,0.375,0.16666666666666666
3,1,0.125,0.08333333333333333
7,1,0.125,0.19444444444444445
18,1,0.125,0.5
