Size,Count,Frequency,Fraction of total molecules
1,5,0.3125,0.1388888888888889
2,6,0.375,0.3333333333333333
3,2,0.125,0.16666666666666666
4,2,0.125,0.2222222222222222
5,1,0.0625,0.1388888888888889
