Size,Count,Frequency,Fraction of total molecules
1,6,0.35294117647058826,0.16666666666666666
2,4,0.23529411764705882,0.2222222222222222
3,6,0.35294117647058826,0.5
4,1,0.058823529411764705,0.1111111111111111
