Size,Count,Frequency,Fraction of total molecules
2,2,0.25,0.1111111111111111
3,2,0.25,0.16666666666666666
4,1,0.125,0.1111111111111111
5,1,0.125,0.1388888888888889
7,1,0.125,0.19444444444444445
10,1,0.125,0.2777777777777778
