Size,Count,Frequency,Fraction of total molecules
1,8,0.8888888888888888,0.8
2,1,0.1111111111111111,0.2
