Cluster size,frequency,foTM
1,0.6756756756756757,0.5
2,0.2972972972972973,0.44
3,0.02702702702702703,0.06
