Cluster size,frequency,foTM
1,0.6538461538461539,0.38857142857142857
2,0.20192307692307693,0.24
3,0.0673076923076923,0.12000000000000001
4,0.04807692307692308,0.11428571428571428
6,0.009615384615384616,0.03428571428571429
8,0.009615384615384616,0.045714285714285714
10,0.009615384615384616,0.05714285714285714
