Cluster size,frequency,foTM
1,0.55,0.34375
2,0.375,0.46875
4,0.075,0.1875
