BondCounts,frequency
1,0.27129859387923905
2,0.728701406120761
