Cluster size,frequency,foTM
1,0.7805555555555556,0.64
2,0.1611111111111111,0.24
3,0.0583333333333333,0.12
