Size,Count,Frequency,Fraction of total molecules
1,4,0.6666666666666666,0.4
2,1,0.16666666666666666,0.2
4,1,0.16666666666666666,0.4
