Index, Times (s), Average (s), St Dev (s)
0, 1065.318, 1070.0228000000002, 9.712758758457818
1, 1058.66
2, 1083.694
3, 1066.959
4, 1075.483
