Size,Frequency,Fraction of total molecules
1,0.18175324675324678,0.04444444444444444
2,0.3330519480519481,0.16666666666666666
3,0.07357142857142858,0.05
4,0.09954545454545453,0.11111111111111112
5,0.06318181818181819,0.08333333333333334
6,0.025,0.03333333333333333
7,0.05357142857142857,0.07777777777777778
8,0.06818181818181819,0.13333333333333333
10,0.02857142857142857,0.05555555555555556
11,0.02857142857142857,0.061111111111111116
15,0.02,0.08333333333333334
18,0.025,0.1
