Size,Frequency,Fraction of total molecules
1,0.13743589743589743,0.05
2,0.30803418803418803,0.2111111111111111
3,0.15427350427350425,0.14999999999999997
4,0.2182051282051282,0.26666666666666666
5,0.12316239316239315,0.19444444444444445
7,0.02222222222222222,0.03888888888888889
8,0.03666666666666667,0.08888888888888888
