Size,Frequency,Fraction of total molecules
1,0.29831932773109243,0.13333333333333333
2,0.3197478991596639,0.28888888888888886
3,0.290546218487395,0.3833333333333334
4,0.040336134453781515,0.06666666666666667
5,0.039285714285714285,0.08333333333333334
8,0.011764705882352941,0.04444444444444444
