Size,Frequency,Fraction of total molecules
1,0.14632478632478632,0.04444444444444444
2,0.29025641025641025,0.17777777777777778
3,0.1817094017094017,0.16666666666666666
4,0.2098290598290598,0.2444444444444444
5,0.055384615384615386,0.08333333333333334
6,0.015384615384615385,0.03333333333333333
7,0.02222222222222222,0.03888888888888889
8,0.03666666666666667,0.08888888888888888
11,0.042222222222222223,0.12222222222222223
