Size,"NWASP,NCK,NEPHRIN",Frequency in clusters of the same size
2,"0,1,1",0.13333333333333333
2,"1,1,0",0.8666666666666668
3,"0,2,1",0.05
3,"1,1,1",0.1
3,"1,2,0",0.85
4,"1,2,1",1.0
5,"1,3,1",1.0
7,"2,4,1",1.0
9,"2,5,2",1.0
15,"3,8,4",1.0
