Size,"NWASP,NCK,NEPHRIN",Frequency in clusters of the same size
2,"0,1,1",0.24500000000000002
2,"1,1,0",0.755
3,"0,2,1",0.10666666666666666
3,"1,1,1",0.10666666666666666
3,"1,2,0",0.7866666666666667
4,"1,2,1",0.5
4,"1,3,0",0.5
6,"1,3,2",0.5
6,"3,3,0",0.5
8,"2,4,2",1.0
10,"2,5,3",1.0
11,"3,6,2",1.0
