Size,"NWASP,NCK,NEPHRIN",Frequency in clusters of the same size
2,"0,1,1",0.19
2,"1,1,0",0.8099999999999999
3,"0,2,1",0.06666666666666667
3,"1,2,0",0.9333333333333332
4,"1,2,1",1.0
5,"1,3,1",1.0
6,"2,3,1",1.0
7,"2,4,1",1.0
8,"2,4,2",1.0
11,"2,6,3",0.5
11,"3,6,2",0.5
