Size,"NWASP,NCK,NEPHRIN",Frequency in clusters of the same size
2,"0,1,1",0.04
2,"1,1,0",0.96
3,"1,2,0",1.0
4,"1,2,1",0.8888888888888888
4,"1,3,0",0.1111111111111111
5,"1,3,1",1.0
6,"2,3,1",1.0
7,"2,4,1",1.0
8,"2,4,2",0.75
8,"2,5,1",0.25
10,"2,5,3",1.0
11,"3,6,2",1.0
15,"4,8,3",1.0
18,"4,10,4",1.0
