Size,"NWASP,NCK,NEPHRIN",Frequency in clusters of the same size
2,"0,1,1",0.06666666666666667
2,"1,1,0",0.9333333333333332
3,"1,1,1",0.1
3,"1,2,0",0.9
4,"1,2,1",1.0
5,"1,3,1",1.0
6,"1,4,1",0.5
6,"2,3,1",0.5
7,"2,4,1",1.0
8,"2,4,2",1.0
11,"3,6,2",1.0
15,"4,8,3",1.0
