Size,"NWASP,NCK,NEPHRIN",Frequency in clusters of the same size
2,"0,1,1",0.10666666666666666
2,"1,1,0",0.8933333333333333
3,"1,2,0",1.0
4,"1,2,1",0.9
4,"1,3,0",0.1
5,"1,3,1",1.0
8,"2,4,2",1.0
11,"3,6,2",1.0
12,"3,7,2",1.0
13,"3,7,3",1.0
19,"5,10,4",1.0
