Size,"NWASP,NCK,NEPHRIN",Frequency in clusters of the same size
2,"0,1,1",0.2333333333333333
2,"1,1,0",0.7666666666666666
3,"0,2,1",0.02857142857142857
3,"1,1,1",0.03333333333333333
3,"1,2,0",0.9380952380952381
4,"1,2,1",0.75
4,"1,3,0",0.25
5,"1,2,2",0.25
5,"1,3,1",0.5
5,"2,2,1",0.25
8,"1,5,2",1.0
