Size,"NWASP,NCK,NEPHRIN",Frequency in clusters of the same size
2,"0,1,1",0.2654761904761905
2,"1,1,0",0.7345238095238095
3,"0,2,1",0.16666666666666666
3,"1,1,1",0.03333333333333333
3,"1,2,0",0.8
4,"1,2,1",0.75
4,"1,3,0",0.25
5,"1,2,2",0.5
5,"2,3,0",0.5
