Size,"NWASP,NCK,NEPHRIN",Frequency in clusters of the same size
2,"0,1,1",0.05
2,"1,1,0",0.95
3,"1,1,1",0.06666666666666667
3,"1,2,0",0.9333333333333333
4,"1,2,1",0.9
4,"1,3,0",0.1
5,"1,3,1",1.0
6,"1,3,2",0.5
6,"2,3,1",0.5
7,"1,4,2",0.5
7,"2,4,1",0.5
8,"2,4,2",1.0
10,"2,5,3",1.0
13,"3,7,3",1.0
