Size,"NWASP,NCK,NEPHRIN",Frequency in clusters of the same size
2,"0,1,1",0.14666666666666667
2,"1,1,0",0.8533333333333333
3,"0,2,1",0.17333333333333334
3,"1,1,1",0.06666666666666667
3,"1,2,0",0.76
4,"1,2,1",1.0
5,"1,3,1",0.5
5,"2,3,0",0.5
6,"2,3,1",1.0
7,"1,4,2",1.0
13,"3,7,3",1.0
