Size,Count,Frequency,Fraction of total molecules
1,13,0.5652173913043478,0.3611111111111111
2,7,0.30434782608695654,0.3888888888888889
3,3,0.13043478260869565,0.25
