Time, Free, Bound,State0,
0.0,20,0,20,
0.0040000099999842244,20,0,20,
0.00800000999996047,20,0,20,
0.012000009999936714,20,0,20,
0.016000009999978013,20,0,20,
0.020000000000648145,20,0,20,
0.02400000000131828,20,0,20,
0.028000000001988413,20,0,20,
0.03200000000265855,20,0,20,
0.03600000000332868,20,0,20,
0.040000000003998816,20,0,20,
0.04400000000466895,20,0,20,
0.048000000005339084,20,0,20,
