Time, Free, Bound,State0,PRM_SH3_1,
0.0,20,0,20,0,
0.0040000099999842244,7,13,20,13,
0.00800000999996047,8,12,20,12,
0.012000009999936714,9,11,20,11,
0.016000009999978013,9,11,20,11,
0.020000000000648145,6,14,20,14,
0.02400000000131828,4,16,20,16,
0.028000000001988413,4,16,20,16,
0.03200000000265855,4,16,20,16,
0.03600000000332868,5,15,20,15,
0.040000000003998816,7,13,20,13,
0.04400000000466895,7,13,20,13,
0.048000000005339084,3,17,20,17,
