Time, Free, Bound,State0,PRM_SH3_1,PRM_SH3_2,PRM_SH3_3,
0.0,10,0,10,0,0,0,
0.0040000099999842244,5,5,10,0,2,3,
0.00800000999996047,4,6,10,2,2,2,
0.012000009999936714,5,5,10,2,2,1,
0.016000009999978013,5,5,10,1,0,4,
0.020000000000648145,8,2,10,1,0,1,
0.02400000000131828,5,5,10,3,0,2,
0.028000000001988413,1,9,10,2,6,1,
0.03200000000265855,1,9,10,4,4,1,
0.03600000000332868,2,8,10,2,2,4,
0.040000000003998816,5,5,10,3,1,1,
0.04400000000466895,4,6,10,2,1,3,
0.048000000005339084,4,6,10,1,2,3,
