Size,Count,Frequency,Fraction of total molecules
1,3,0.1875,0.08333333333333333
2,6,0.375,0.3333333333333333
3,7,0.4375,0.5833333333333334
