Size,Count,Frequency,Fraction of total molecules
1,2,0.15384615384615385,0.05555555555555555
2,6,0.46153846153846156,0.3333333333333333
3,3,0.23076923076923078,0.25
6,1,0.07692307692307693,0.16666666666666666
7,1,0.07692307692307693,0.19444444444444445
