Size,"NWASP,NCK,NEPHRIN",Frequency in clusters of the same size
2,"0,1,1",0.07333333333333333
2,"1,1,0",0.9266666666666665
3,"0,2,1",0.16666666666666666
3,"1,1,1",0.06666666666666667
3,"1,2,0",0.7666666666666666
4,"1,2,1",1.0
5,"1,3,1",0.7
5,"2,3,0",0.3
7,"1,4,2",1.0
8,"2,4,2",1.0
