Size,"NWASP,NCK,NEPHRIN",Frequency in clusters of the same size
2,"0,1,1",0.24
2,"1,1,0",0.76
3,"0,2,1",0.05
3,"1,1,1",0.11666666666666665
3,"1,2,0",0.8333333333333333
4,"1,2,1",0.825
4,"1,3,0",0.05
4,"2,2,0",0.125
5,"1,3,1",0.5
5,"2,3,0",0.5
6,"1,3,2",1.0
7,"2,4,1",1.0
