Size,Count,Frequency,Fraction of total molecules
1,17,0.5666666666666667,0.34
2,10,0.3333333333333333,0.4
3,1,0.03333333333333333,0.06
5,2,0.06666666666666667,0.2
