Size,Count,Frequency,Fraction of total molecules
1,29,0.7435897435897436,0.58
2,9,0.23076923076923078,0.36
3,1,0.02564102564102564,0.06
