Size,Count,Frequency,Fraction of total molecules
1,16,0.5517241379310345,0.32
2,10,0.3448275862068966,0.4
3,1,0.034482758620689655,0.06
5,1,0.034482758620689655,0.1
6,1,0.034482758620689655,0.12
