Size,Count,Frequency,Fraction of total molecules
1,44,0.9361702127659575,0.88
2,3,0.06382978723404255,0.12
