Size,Count,Frequency,Fraction of total molecules
1,36,0.8372093023255814,0.72
2,7,0.16279069767441862,0.28
