Size,Count,Frequency,Fraction of total molecules
1,27,0.7297297297297297,0.54
2,8,0.21621621621621623,0.32
3,1,0.02702702702702703,0.06
4,1,0.02702702702702703,0.08
