Size,Count,Frequency,Fraction of total molecules
2,2,0.2222222222222222,0.1111111111111111
3,1,0.1111111111111111,0.08333333333333333
4,3,0.3333333333333333,0.3333333333333333
5,2,0.2222222222222222,0.2777777777777778
7,1,0.1111111111111111,0.19444444444444445
