Size,Count,Frequency,Fraction of total molecules
1,3,0.23076923076923078,0.08333333333333333
2,2,0.15384615384615385,0.1111111111111111
3,3,0.23076923076923078,0.25
4,5,0.38461538461538464,0.5555555555555556
