Size,Count,Frequency,Fraction of total molecules
1,3,0.3,0.08333333333333333
2,3,0.3,0.16666666666666666
3,1,0.1,0.08333333333333333
4,1,0.1,0.1111111111111111
5,1,0.1,0.1388888888888889
15,1,0.1,0.4166666666666667
