Size,Count,Frequency,Fraction of total molecules
1,3,0.21428571428571427,0.08333333333333333
2,4,0.2857142857142857,0.2222222222222222
3,3,0.21428571428571427,0.25
4,4,0.2857142857142857,0.4444444444444444
