Size,Count,Frequency,Fraction of total molecules
1,6,0.8571428571428571,0.6
4,1,0.14285714285714285,0.4
