BondCounts,frequency
1,0.37383177570093457
2,0.6261682242990654
