BondCounts,frequency
1,0.16666666666666666
2,0.8333333333333334
