Size,Count,Frequency,Fraction of total molecules
1,34,0.8292682926829268,0.68
2,5,0.12195121951219512,0.2
3,2,0.04878048780487805,0.12
