Size,Count,Frequency,Fraction of total molecules
1,24,0.6857142857142857,0.48
2,8,0.22857142857142856,0.32
3,2,0.05714285714285714,0.12
4,1,0.02857142857142857,0.08
