Size,"NWASP,NCK,NEPHRIN",Count,Frequency in clusters of the same size
2,"0,1,1",2,0.3333333333333333
2,"1,1,0",4,0.6666666666666666
3,"0,2,1",1,0.14285714285714285
3,"1,2,0",6,0.8571428571428571
