Size,"NWASP,NCK,NEPHRIN",Count,Frequency in clusters of the same size
2,"0,1,1",1,0.16666666666666666
2,"1,1,0",5,0.8333333333333334
3,"0,2,1",1,0.3333333333333333
3,"1,2,0",2,0.6666666666666666
6,"2,3,1",1,1.0
7,"1,4,2",1,1.0
