Index, Times (s), Average (s), St Dev (s)
0, 15.502, 15.065999999999999, 0.35292562955954326
1, 15.004
2, 15.096
3, 14.531
4, 15.197
