Size,"NWASP,NCK,NEPHRIN",Count,Frequency in clusters of the same size
2,"1,1,0",4,1.0
3,"0,2,1",1,0.3333333333333333
3,"1,1,1",1,0.3333333333333333
3,"1,2,0",1,0.3333333333333333
4,"1,2,1",1,1.0
5,"1,3,1",1,1.0
8,"2,4,2",1,1.0
