Cluster size,frequency,foTM
1,0.178066378066378,0.05
2,0.3419913419913419,0.1888888888888888
3,0.1053391053391053,0.0833333333333333
4,0.1821067821067821,0.2
5,0.0689754689754689,0.0833333333333333
8,0.0363636363636363,0.0888888888888888
11,0.0181818181818181,0.0611111111111111
12,0.0181818181818181,0.0666666666666666
13,0.0222222222222222,0.0722222222222222
19,0.0285714285714285,0.1055555555555555
