Time, Free, Bound,State0,PRM_SH3_1,PRM_SH3_2,PRM_SH3_3,
0.0,10,0,10,0,0,0,
0.0040000099999842244,6,4,10,0,3,1,
0.00800000999996047,4,6,10,2,1,3,
0.012000009999936714,5,5,10,0,3,2,
0.016000009999978013,3,7,10,2,2,3,
0.020000000000648145,7,3,10,2,1,0,
0.02400000000131828,4,6,10,3,3,0,
0.028000000001988413,2,8,10,4,3,1,
0.03200000000265855,5,5,10,3,1,1,
0.03600000000332868,1,9,10,3,1,5,
0.040000000003998816,4,6,10,3,2,1,
0.04400000000466895,3,7,10,2,1,4,
0.048000000005339084,1,9,10,5,1,3,
