Time, Free, Bound,State0,PRM_SH3_1,PRM_SH3_2,PRM_SH3_3,
0.0,10,0,10,0,0,0,
0.0040000099999842244,2,8,10,3,4,1,
0.00800000999996047,5,5,10,3,1,1,
0.012000009999936714,4,6,10,2,1,3,
0.016000009999978013,7,3,10,2,0,1,
0.020000000000648145,2,8,10,4,1,3,
0.02400000000131828,3,7,10,2,2,3,
0.028000000001988413,5,5,10,3,1,1,
0.03200000000265855,2,8,10,4,1,3,
0.03600000000332868,4,6,10,2,3,1,
0.040000000003998816,3,7,10,2,1,4,
0.04400000000466895,4,6,10,4,2,0,
0.048000000005339084,5,5,10,2,2,1,
