Cluster size,frequency,foTM
1,0.6861313868613139,0.4895833333333333
2,0.25547445255474455,0.3645833333333333
3,0.029197080291970802,0.0625
4,0.029197080291970802,0.08333333333333333
