Cluster size,frequency,foTM
1,0.5064935064935064,0.3046875
2,0.4155844155844156,0.5
4,0.06493506493506493,0.15625
5,0.012987012987012988,0.0390625
