Size,Count,Frequency,Fraction of total molecules
1,25,0.6944444444444444,0.5
2,8,0.2222222222222222,0.32
3,3,0.08333333333333333,0.18
