Size,Frequency,Fraction of total molecules
1,0.759920634920635,0.6
2,0.1865079365079365,0.27999999999999997
3,0.05357142857142857,0.12
