Size,Count,Frequency,Fraction of total molecules
2,4,0.4,0.2222222222222222
3,2,0.2,0.16666666666666666
4,2,0.2,0.2222222222222222
5,1,0.1,0.1388888888888889
9,1,0.1,0.25
