Size,Count,Frequency,Fraction of total molecules
1,1,0.08333333333333333,0.027777777777777776
2,2,0.16666666666666666,0.1111111111111111
3,5,0.4166666666666667,0.4166666666666667
4,4,0.3333333333333333,0.4444444444444444
