Size,Count,Frequency,Fraction of total molecules
1,5,0.3125,0.1388888888888889
2,6,0.375,0.3333333333333333
3,3,0.1875,0.25
5,2,0.125,0.2777777777777778
