Size,Count,Frequency,Fraction of total molecules
1,2,0.18181818181818182,0.05555555555555555
2,5,0.45454545454545453,0.2777777777777778
4,2,0.18181818181818182,0.2222222222222222
5,1,0.09090909090909091,0.1388888888888889
11,1,0.09090909090909091,0.3055555555555556
