Size,"NWASP,NCK,NEPHRIN",Count,Frequency in clusters of the same size
2,"0,1,1",1,0.06666666666666667
2,"1,1,0",14,0.9333333333333333
3,"1,2,0",3,1.0
4,"1,2,1",4,0.8
4,"1,3,0",1,0.2
5,"1,3,1",3,1.0
6,"2,3,1",1,1.0
7,"2,4,1",2,1.0
8,"2,4,2",2,0.6666666666666666
8,"2,5,1",1,0.3333333333333333
10,"2,5,3",1,1.0
11,"3,6,2",1,1.0
15,"4,8,3",1,1.0
18,"4,10,4",1,1.0
