Time, Free, Bound,State0,pY_SH2 binding_1,pY_SH2_binding_2,
0.0,20,0,20,0,0,
0.0040000099999842244,14,6,20,3,3,
0.00800000999996047,14,6,20,2,4,
0.012000009999936714,12,8,20,4,4,
0.016000009999978013,10,10,20,5,5,
0.020000000000648145,10,10,20,5,5,
0.02400000000131828,7,13,20,9,4,
0.028000000001988413,7,13,20,9,4,
0.03200000000265855,7,13,20,9,4,
0.03600000000332868,6,14,20,10,4,
0.040000000003998816,6,14,20,10,4,
0.04400000000466895,7,13,20,9,4,
0.048000000005339084,8,12,20,8,4,
