,Clusters,NWASP,NCK,NEPHRIN
0,2.0,0.36905,0.5,0.13095
1,3.0,0.30770000000000003,0.6512666666666667,0.04103333333333334
2,4.0,0.25,0.583325,0.16667500000000002
3,5.0,0.275,0.475,0.25
4,8.0,0.125,0.625,0.25
