,Clusters,NWASP,NCK,NEPHRIN
0,2.0,0.37,0.5,0.13
1,3.0,0.3162333333333333,0.6410333333333333,0.04273333333333334
2,4.0,0.27082500000000004,0.541675,0.1875
3,5.0,0.27999999999999997,0.52,0.2
4,6.0,0.16666666666666666,0.5,0.3333333333333333
5,7.0,0.2857142857142857,0.5714285714285714,0.14285714285714285
6,8.0,0.125,0.625,0.25
