Cluster size,frequency,foTM
1,0.3359683794466403,0.1574074074074074
2,0.33201581027667987,0.3111111111111111
3,0.25691699604743085,0.3611111111111111
4,0.03557312252964427,0.06666666666666667
5,0.03162055335968379,0.07407407407407407
8,0.007905138339920948,0.02962962962962963
