BondCounts,frequency
1,0.3300771208226221
2,0.6699228791773779
