Size,Count,Frequency,Fraction of total molecules
1,1,0.06666666666666667,0.027777777777777776
2,8,0.5333333333333333,0.4444444444444444
3,5,0.3333333333333333,0.4166666666666667
4,1,0.06666666666666667,0.1111111111111111
