Size,Count,Frequency,Fraction of total molecules
2,2,0.25,0.1111111111111111
3,3,0.375,0.25
4,1,0.125,0.1111111111111111
6,1,0.125,0.16666666666666666
13,1,0.125,0.3611111111111111
