Size,Count,Frequency,Fraction of total molecules
1,6,0.3333333333333333,0.16666666666666666
2,8,0.4444444444444444,0.4444444444444444
3,3,0.16666666666666666,0.25
5,1,0.05555555555555555,0.1388888888888889
