Size,Count,Frequency,Fraction of total molecules
1,5,0.3125,0.1388888888888889
2,5,0.3125,0.2777777777777778
3,4,0.25,0.3333333333333333
4,1,0.0625,0.1111111111111111
5,1,0.0625,0.1388888888888889
