,Clusters,NWASP,NCK,NEPHRIN
0,2,0.41305000000000003,0.5000000000000001,0.08695000000000001
1,3,0.26666666666666666,0.6444333333333333,0.08889999999999999
2,4,0.25,0.5,0.25
3,5,0.3,0.6,0.1
4,6,0.3333333333333333,0.5,0.16666666666666666
5,7,0.14285714285714285,0.5714285714285714,0.2857142857142857
6,13,0.23076923076923078,0.5384615384615384,0.23076923076923078
