,Clusters,NWASP,NCK,NEPHRIN
0,2,0.375,0.5,0.125
1,3,0.2807,0.6491333333333333,0.07016666666666667
2,4,0.25,0.583325,0.16667500000000002
3,5,0.3,0.5,0.2
