Cluster size,frequency,foTM
1,0.24242424242424243,0.08888888888888889
2,0.3484848484848485,0.2555555555555556
3,0.22727272727272727,0.25
4,0.09090909090909091,0.13333333333333333
5,0.030303030303030304,0.05555555555555555
6,0.015151515151515152,0.03333333333333333
7,0.015151515151515152,0.03888888888888889
13,0.030303030303030304,0.14444444444444443
