Cluster size,frequency,foTM
1,0.35260115606936415,0.16944444444444445
2,0.3352601156069364,0.32222222222222224
3,0.24277456647398843,0.35
4,0.03468208092485549,0.06666666666666667
5,0.028901734104046242,0.06944444444444445
8,0.005780346820809248,0.022222222222222223
