Cluster size,frequency,foTM
1,0.310126582278481,0.13611111111111113
2,0.31645569620253167,0.2777777777777778
3,0.2468354430379747,0.325
4,0.0759493670886076,0.13333333333333333
5,0.03164556962025317,0.06944444444444445
6,0.006329113924050633,0.016666666666666666
7,0.006329113924050633,0.019444444444444445
8,0.006329113924050633,0.022222222222222223
