Size,Count,Frequency,Fraction of total molecules
1,16,0.24242424242424243,0.08888888888888889
2,23,0.3484848484848485,0.25555555555555554
3,15,0.22727272727272727,0.25
4,6,0.09090909090909091,0.13333333333333333
5,2,0.030303030303030304,0.05555555555555555
6,1,0.015151515151515152,0.03333333333333333
7,1,0.015151515151515152,0.03888888888888889
13,2,0.030303030303030304,0.14444444444444443
