Size,Count,Frequency,Fraction of total molecules
1,6,0.13043478260869565,0.03333333333333333
2,11,0.2391304347826087,0.12222222222222222
3,8,0.17391304347826086,0.13333333333333333
4,7,0.15217391304347827,0.15555555555555556
5,5,0.10869565217391304,0.1388888888888889
6,2,0.043478260869565216,0.06666666666666667
7,3,0.06521739130434782,0.11666666666666667
8,2,0.043478260869565216,0.08888888888888889
11,1,0.021739130434782608,0.06111111111111111
15,1,0.021739130434782608,0.08333333333333333
