Size,Count,Frequency,Fraction of total molecules
1,11,0.1864406779661017,0.06111111111111111
2,21,0.3559322033898305,0.23333333333333334
3,12,0.2033898305084746,0.2
4,8,0.13559322033898305,0.17777777777777778
5,2,0.03389830508474576,0.05555555555555555
7,1,0.01694915254237288,0.03888888888888889
9,3,0.05084745762711865,0.15
15,1,0.01694915254237288,0.08333333333333333
