Size,Frequency,Fraction of total molecules
1,0.8484126984126984,0.74
2,0.12301587301587302,0.2
3,0.02857142857142857,0.06
