Size,Frequency,Fraction of total molecules
1,0.725,0.5599999999999999
2,0.21666666666666665,0.32
3,0.05833333333333333,0.12
