Size,Frequency,Fraction of total molecules
1,0.6821428571428572,0.5
2,0.23095238095238094,0.31999999999999995
3,0.0869047619047619,0.18
