Size,Frequency,Fraction of total molecules
1,0.7805555555555556,0.64
2,0.16111111111111112,0.24
3,0.05833333333333333,0.12
