BondCounts,frequency
2,0.05263157894736842
3,0.21052631578947367
4,0.10526315789473684
5,0.3684210526315789
6,0.2631578947368421
