BondCounts,frequency
2,0.03225806451612903
3,0.0967741935483871
4,0.20967741935483872
5,0.43548387096774194
6,0.22580645161290322
