BondCounts,frequency
1,0.09389671361502347
2,0.28169014084507044
3,0.3051643192488263
4,0.1267605633802817
5,0.1267605633802817
6,0.06572769953051644
