BondCounts,frequency
1,0.13414634146341464
2,0.24390243902439024
3,0.34146341463414637
4,0.1524390243902439
5,0.07317073170731707
6,0.054878048780487805
