BondCounts,frequency
1,0.17391304347826086
2,0.34782608695652173
3,0.21739130434782608
4,0.08695652173913043
5,0.043478260869565216
6,0.13043478260869565
