BondCounts,frequency
1,0.01818181818181818
2,0.12727272727272726
3,0.34545454545454546
4,0.2909090909090909
5,0.10909090909090909
6,0.10909090909090909
