BondCounts,frequency
2,0.07142857142857142
3,0.21428571428571427
4,0.14285714285714285
5,0.2857142857142857
6,0.2857142857142857
