BondCounts,frequency
1,0.19047619047619047
2,0.19727891156462585
3,0.3877551020408163
4,0.10204081632653061
5,0.061224489795918366
6,0.061224489795918366
