Size,"NWASP,NCK,NEPHRIN",Count,Frequency in clusters of the same size
2,"0,1,1",1,0.3333333333333333
2,"1,1,0",2,0.6666666666666666
3,"1,1,1",1,0.16666666666666666
3,"1,2,0",5,0.8333333333333334
4,"1,2,1",1,0.5
4,"1,3,0",1,0.5
