Size,Count,Frequency,Fraction of total molecules
1,1,0.08333333333333333,0.027777777777777776
2,4,0.3333333333333333,0.2222222222222222
3,3,0.25,0.25
4,2,0.16666666666666666,0.2222222222222222
5,2,0.16666666666666666,0.2777777777777778
