Size,Count,Frequency,Fraction of total molecules
1,8,0.4,0.2222222222222222
2,8,0.4,0.4444444444444444
3,4,0.2,0.3333333333333333
