Size,Count,Frequency,Fraction of total molecules
1,3,0.1875,0.08333333333333333
2,8,0.5,0.4444444444444444
3,3,0.1875,0.25
4,2,0.125,0.2222222222222222
