Size,Count,Frequency,Fraction of total molecules
1,3,0.25,0.08333333333333333
2,4,0.3333333333333333,0.2222222222222222
3,3,0.25,0.25
7,1,0.08333333333333333,0.19444444444444445
9,1,0.08333333333333333,0.25
