Size,Count,Frequency,Fraction of total molecules
1,6,0.35294117647058826,0.16666666666666666
2,8,0.47058823529411764,0.4444444444444444
3,2,0.11764705882352941,0.16666666666666666
8,1,0.058823529411764705,0.2222222222222222
