Size,Frequency,Fraction of total molecules
1,0.4738095238095238,0.27999999999999997
2,0.39761904761904765,0.44000000000000006
3,0.02857142857142857,0.06
5,0.05,0.1
6,0.05,0.12
