Size,Frequency,Fraction of total molecules
1,0.525952380952381,0.34
2,0.359047619047619,0.4
3,0.025,0.06
5,0.09,0.2
