Size,Frequency,Fraction of total molecules
1,0.8777777777777779,0.8
2,0.12222222222222223,0.2
