Size,Frequency,Fraction of total molecules
1,0.5059523809523809,0.32
2,0.36904761904761907,0.4
3,0.025,0.06
5,0.05,0.1
6,0.05,0.12
