Size,Frequency,Fraction of total molecules
1,0.5927777777777778,0.44000000000000006
2,0.3088888888888889,0.36
3,0.065,0.12
4,0.03333333333333333,0.08
