Size,Frequency,Fraction of total molecules
1,0.7194444444444444,0.5800000000000001
2,0.25555555555555554,0.36
3,0.025,0.06
