Size,Frequency,Fraction of total molecules
1,0.6194444444444445,0.4600000000000001
2,0.3222222222222222,0.4
3,0.025,0.06
4,0.03333333333333333,0.08
