Size,Frequency,Fraction of total molecules
1,0.6670634920634921,0.5
2,0.2746031746031746,0.36
3,0.025,0.06
4,0.03333333333333333,0.08
