Size,Frequency,Fraction of total molecules
1,0.6027777777777777,0.44000000000000006
2,0.28888888888888886,0.32
3,0.025,0.06
4,0.03333333333333333,0.08
5,0.05,0.1
