Size,Frequency,Fraction of total molecules
1,0.8420634920634921,0.76
2,0.15793650793650793,0.24000000000000005
