Size,Frequency,Fraction of total molecules
1,0.9333333333333332,0.8800000000000001
2,0.06666666666666667,0.12000000000000002
