Size,Frequency,Fraction of total molecules
1,0.9777777777777779,0.96
2,0.02222222222222222,0.04
