Size,Frequency,Fraction of total molecules
1,0.7178571428571429,0.54
2,0.1952380952380952,0.28
3,0.0869047619047619,0.18
