Size,Frequency,Fraction of total molecules
1,0.7107142857142857,0.5199999999999999
2,0.1738095238095238,0.24
3,0.11547619047619047,0.24
