Size,Frequency,Fraction of total molecules
1,0.8027777777777778,0.68
2,0.1388888888888889,0.2
3,0.05833333333333333,0.12
