Size,"NWASP,NCK,NEPHRIN",Count,Frequency in clusters of the same size
2,"0,1,1",8,0.25
2,"1,1,0",24,0.75
3,"0,2,1",3,0.15789473684210525
3,"1,1,1",1,0.05263157894736842
3,"1,2,0",15,0.7894736842105263
4,"1,2,1",2,0.6666666666666666
4,"1,3,0",1,0.3333333333333333
5,"1,2,2",1,0.5
5,"2,3,0",1,0.5
