Size,Count,Frequency,Fraction of total molecules
1,9,0.47368421052631576,0.25
2,6,0.3157894736842105,0.3333333333333333
3,2,0.10526315789473684,0.16666666666666666
4,1,0.05263157894736842,0.1111111111111111
5,1,0.05263157894736842,0.1388888888888889
