Size,Count,Frequency,Fraction of total molecules
1,1,0.09090909090909091,0.027777777777777776
2,6,0.5454545454545454,0.3333333333333333
3,1,0.09090909090909091,0.08333333333333333
4,2,0.18181818181818182,0.2222222222222222
12,1,0.09090909090909091,0.3333333333333333
