Size,Count,Frequency,Fraction of total molecules
1,4,0.26666666666666666,0.1111111111111111
2,3,0.2,0.16666666666666666
3,6,0.4,0.5
4,2,0.13333333333333333,0.2222222222222222
