Size,Count,Frequency,Fraction of total molecules
1,2,0.2,0.05555555555555555
2,4,0.4,0.2222222222222222
3,1,0.1,0.08333333333333333
4,2,0.2,0.2222222222222222
15,1,0.1,0.4166666666666667
