Time, Free, Bound,State0,pY_SH2 binding_1,pY_SH2_binding_2,
0.0,20,0,20,0,0,
0.0040000099999842244,16,4,20,4,0,
0.00800000999996047,16,4,20,2,2,
0.012000009999936714,15,5,20,2,3,
0.016000009999978013,12,8,20,6,2,
0.020000000000648145,11,9,20,6,3,
0.02400000000131828,10,10,20,6,4,
0.028000000001988413,8,12,20,9,3,
0.03200000000265855,9,11,20,8,3,
0.03600000000332868,8,12,20,8,4,
0.040000000003998816,5,15,20,10,5,
0.04400000000466895,6,14,20,9,5,
0.048000000005339084,5,15,20,10,5,
