Time, Free, Bound,State0,PRM_SH3_1,PRM_SH3_2,PRM_SH3_3,
0.0,10,0,10,0,0,0,
0.0040000099999842244,3,7,10,4,2,1,
0.00800000999996047,4,6,10,1,4,1,
0.012000009999936714,2,8,10,4,2,2,
0.016000009999978013,2,8,10,3,3,2,
0.020000000000648145,2,8,10,3,1,4,
0.02400000000131828,3,7,10,2,1,4,
0.028000000001988413,1,9,10,2,2,5,
0.03200000000265855,1,9,10,5,2,2,
0.03600000000332868,0,10,10,5,3,2,
0.040000000003998816,1,9,10,3,3,3,
0.04400000000466895,1,9,10,2,3,4,
0.048000000005339084,1,9,10,3,5,1,
