Size,Count,Frequency,Fraction of total molecules
1,4,0.2857142857142857,0.1111111111111111
2,2,0.14285714285714285,0.1111111111111111
3,5,0.35714285714285715,0.4166666666666667
4,2,0.14285714285714285,0.2222222222222222
5,1,0.07142857142857142,0.1388888888888889
