Size,Count,Frequency,Fraction of total molecules
1,1,0.09090909090909091,0.027777777777777776
2,5,0.45454545454545453,0.2777777777777778
4,3,0.2727272727272727,0.3333333333333333
5,1,0.09090909090909091,0.1388888888888889
8,1,0.09090909090909091,0.2222222222222222
