Size,Count,Frequency,Fraction of total molecules
1,2,0.15384615384615385,0.05555555555555555
2,5,0.38461538461538464,0.2777777777777778
3,3,0.23076923076923078,0.25
4,1,0.07692307692307693,0.1111111111111111
5,1,0.07692307692307693,0.1388888888888889
6,1,0.07692307692307693,0.16666666666666666
