Size,Count,Frequency,Fraction of total molecules
1,1,0.09090909090909091,0.027777777777777776
2,4,0.36363636363636365,0.2222222222222222
3,3,0.2727272727272727,0.25
4,2,0.18181818181818182,0.2222222222222222
10,1,0.09090909090909091,0.2777777777777778
