Size,Frequency,Fraction of total molecules
1,0.7178571428571429,0.54
2,0.19523809523809524,0.27999999999999997
3,0.0869047619047619,0.18
