Size,Frequency,Fraction of total molecules
1,0.7527777777777778,0.6
2,0.18888888888888888,0.27999999999999997
3,0.05833333333333333,0.12
