Size,Frequency,Fraction of total molecules
1,0.6785714285714286,0.48
2,0.23095238095238094,0.31999999999999995
3,0.06190476190476191,0.12
4,0.02857142857142857,0.08
