Time, Free, Bound,State0,PRM_SH3_3,
0.0,20,0,20,0,
0.0040000099999842244,6,14,20,14,
0.00800000999996047,2,18,20,18,
0.012000009999936714,8,12,20,12,
0.016000009999978013,8,12,20,12,
0.020000000000648145,5,15,20,15,
0.02400000000131828,5,15,20,15,
0.028000000001988413,6,14,20,14,
0.03200000000265855,8,12,20,12,
0.03600000000332868,4,16,20,16,
0.040000000003998816,8,12,20,12,
0.04400000000466895,12,8,20,8,
0.048000000005339084,3,17,20,17,
