,Clusters,R,Adapter
0,2,0.5,0.5
1,3,0.6666666666666666,0.3333333333333333
2,4,0.5,0.5
