Cluster size,frequency,foTM
1,0.6571428571428571,0.46
2,0.2857142857142857,0.4
3,0.02857142857142857,0.06
4,0.02857142857142857,0.08
