Time, Free, Bound,State0,PRM_SH3_1,PRM_SH3_2,PRM_SH3_3,
0.0,10,0,10,0,0,0,
0.0040000099999842244,5,5,10,1,3,1,
0.00800000999996047,2,8,10,2,3,3,
0.012000009999936714,1,9,10,4,3,2,
0.016000009999978013,3,7,10,4,1,2,
0.020000000000648145,5,5,10,1,2,2,
0.02400000000131828,3,7,10,2,4,1,
0.028000000001988413,2,8,10,3,4,1,
0.03200000000265855,3,7,10,1,3,3,
0.03600000000332868,2,8,10,1,4,3,
0.040000000003998816,3,7,10,3,3,1,
0.04400000000466895,2,8,10,3,2,3,
0.048000000005339084,3,7,10,2,2,3,
