Size,Frequency,Fraction of total molecules
1,0.31231925968768076,0.1388888888888889
2,0.29928426836321576,0.26666666666666666
3,0.21184933487565064,0.26666666666666666
4,0.12494939271255061,0.2
5,0.023026315789473683,0.05555555555555556
6,0.014285714285714285,0.03333333333333333
7,0.014285714285714285,0.03888888888888889
