Size,Frequency,Fraction of total molecules
1,0.23131084601672836,0.08888888888888889
2,0.34587961058549294,0.25555555555555554
3,0.23471136706430823,0.25
4,0.09661319073083778,0.13333333333333336
5,0.02714932126696833,0.05555555555555556
6,0.015384615384615385,0.03333333333333333
7,0.015384615384615385,0.03888888888888889
13,0.033566433566433566,0.14444444444444443
