Size,Frequency,Fraction of total molecules
1,0.16073593073593076,0.05555555555555556
2,0.3774458874458874,0.2666666666666666
3,0.23225108225108224,0.25
4,0.1416883116883117,0.2
6,0.03484848484848485,0.06666666666666667
8,0.016666666666666666,0.04444444444444444
10,0.01818181818181818,0.05555555555555556
11,0.01818181818181818,0.061111111111111116
