Size,Frequency,Fraction of total molecules
1,0.09303030303030303,0.02777777777777778
2,0.27939393939393936,0.15555555555555556
3,0.2131818181818182,0.16666666666666666
4,0.1596969696969697,0.17777777777777776
5,0.07833333333333334,0.11111111111111112
6,0.045,0.06666666666666667
7,0.04318181818181818,0.07777777777777778
8,0.038181818181818185,0.08888888888888888
10,0.025,0.05555555555555556
13,0.025,0.07222222222222222
