Time, Free, Bound,State0,PRM_SH3_1,PRM_SH3_2,PRM_SH3_3,
0.0,10,0,10,0,0,0,
0.0040000099999842244,4,6,10,0,1,5,
0.00800000999996047,1,9,10,3,3,3,
0.012000009999936714,1,9,10,2,3,4,
0.016000009999978013,4,6,10,2,2,2,
0.020000000000648145,4,6,10,3,2,1,
0.02400000000131828,2,8,10,4,1,3,
0.028000000001988413,3,7,10,2,2,3,
0.03200000000265855,2,8,10,1,5,2,
0.03600000000332868,1,9,10,2,3,4,
0.040000000003998816,3,7,10,4,1,2,
0.04400000000466895,2,8,10,3,2,3,
0.048000000005339084,6,4,10,2,1,1,
