Size,Count,Frequency,Fraction of total molecules
1,20,0.625,0.4
2,9,0.28125,0.36
3,1,0.03125,0.06
4,1,0.03125,0.08
5,1,0.03125,0.1
