Size,Count,Frequency,Fraction of total molecules
1,25,0.6944444444444444,0.5
2,9,0.25,0.36
3,1,0.027777777777777776,0.06
4,1,0.027777777777777776,0.08
