Size,Count,Frequency,Fraction of total molecules
1,48,0.9795918367346939,0.96
2,1,0.02040816326530612,0.04
