Size,Count,Frequency,Fraction of total molecules
1,38,0.8636363636363636,0.76
2,6,0.13636363636363635,0.24
