Size,Count,Frequency,Fraction of total molecules
1,23,0.6571428571428571,0.46
2,10,0.2857142857142857,0.4
3,1,0.02857142857142857,0.06
4,1,0.02857142857142857,0.08
