Size,Count,Frequency,Fraction of total molecules
1,30,0.7692307692307693,0.6
2,7,0.1794871794871795,0.28
3,2,0.05128205128205128,0.12
