Size,Count,Frequency,Fraction of total molecules
1,22,0.6470588235294118,0.44
2,9,0.2647058823529412,0.36
3,2,0.058823529411764705,0.12
4,1,0.029411764705882353,0.08
