Size,Count,Frequency,Fraction of total molecules
1,22,0.6666666666666666,0.44
2,8,0.24242424242424243,0.32
3,1,0.030303030303030304,0.06
4,1,0.030303030303030304,0.08
5,1,0.030303030303030304,0.1
