Size,Count,Frequency,Fraction of total molecules
1,42,0.9130434782608695,0.84
2,4,0.08695652173913043,0.16
