Size,Count,Frequency,Fraction of total molecules
1,14,0.5,0.28
2,11,0.39285714285714285,0.44
3,1,0.03571428571428571,0.06
5,1,0.03571428571428571,0.1
6,1,0.03571428571428571,0.12
