Size,Count,Frequency,Fraction of total molecules
1,32,0.7804878048780488,0.64
2,9,0.21951219512195122,0.36
