Size,Count,Frequency,Fraction of total molecules
1,28,0.7368421052631579,0.56
2,8,0.21052631578947367,0.32
3,2,0.05263157894736842,0.12
