Size,"NWASP,NCK,NEPHRIN",Count,Frequency in clusters of the same size
2,"0,1,1",2,0.10526315789473684
2,"1,1,0",17,0.8947368421052632
3,"0,2,1",2,0.2222222222222222
3,"1,1,1",1,0.1111111111111111
3,"1,2,0",6,0.6666666666666666
4,"1,2,1",12,1.0
5,"1,3,1",5,0.7142857142857143
5,"2,3,0",2,0.2857142857142857
7,"1,4,2",1,1.0
8,"2,4,2",2,1.0
