Size,"NWASP,NCK,NEPHRIN",Count,Frequency in clusters of the same size
2,"0,1,1",4,0.17391304347826086
2,"1,1,0",19,0.8260869565217391
3,"0,2,1",3,0.2
3,"1,1,1",1,0.06666666666666667
3,"1,2,0",11,0.7333333333333333
4,"1,2,1",6,1.0
5,"1,3,1",1,0.5
5,"2,3,0",1,0.5
6,"2,3,1",1,1.0
7,"1,4,2",1,1.0
13,"3,7,3",2,1.0
