Size,"NWASP,NCK,NEPHRIN",Count,Frequency in clusters of the same size
2,"0,1,1",1,0.07142857142857142
2,"1,1,0",13,0.9285714285714286
3,"1,1,1",1,0.1
3,"1,2,0",9,0.9
4,"1,2,1",7,0.875
4,"1,3,0",1,0.125
5,"1,3,1",4,1.0
6,"1,3,2",1,0.5
6,"2,3,1",1,0.5
7,"1,4,2",1,0.5
7,"2,4,1",1,0.5
8,"2,4,2",2,1.0
10,"2,5,3",1,1.0
13,"3,7,3",1,1.0
