Size,"NWASP,NCK,NEPHRIN",Count,Frequency in clusters of the same size
2,"0,1,1",1,0.09090909090909091
2,"1,1,0",10,0.9090909090909091
3,"1,1,1",1,0.125
3,"1,2,0",7,0.875
4,"1,2,1",7,1.0
5,"1,3,1",5,1.0
6,"1,4,1",1,0.5
6,"2,3,1",1,0.5
7,"2,4,1",3,1.0
8,"2,4,2",2,1.0
11,"3,6,2",1,1.0
15,"4,8,3",1,1.0
