Size,"NWASP,NCK,NEPHRIN",Count,Frequency in clusters of the same size
2,"0,1,1",3,0.17647058823529413
2,"1,1,0",14,0.8235294117647058
3,"1,2,0",5,1.0
4,"1,2,1",8,0.8888888888888888
4,"1,3,0",1,0.1111111111111111
5,"1,3,1",3,1.0
8,"2,4,2",2,1.0
11,"3,6,2",1,1.0
12,"3,7,2",1,1.0
13,"3,7,3",1,1.0
19,"5,10,4",1,1.0
