Size,"NWASP,NCK,NEPHRIN",Count,Frequency in clusters of the same size
2,"0,1,1",7,0.2916666666666667
2,"1,1,0",17,0.7083333333333334
3,"0,2,1",2,0.13333333333333333
3,"1,1,1",2,0.13333333333333333
3,"1,2,0",11,0.7333333333333333
4,"1,2,1",6,0.6666666666666666
4,"1,3,0",3,0.3333333333333333
6,"1,3,2",1,0.5
6,"3,3,0",1,0.5
8,"2,4,2",1,1.0
10,"2,5,3",1,1.0
11,"3,6,2",1,1.0
