Size,"NWASP,NCK,NEPHRIN",Count,Frequency in clusters of the same size
2,"0,1,1",6,0.25
2,"1,1,0",18,0.75
3,"0,2,1",1,0.0625
3,"1,1,1",2,0.125
3,"1,2,0",13,0.8125
4,"1,2,1",7,0.7777777777777778
4,"1,3,0",1,0.1111111111111111
4,"2,2,0",1,0.1111111111111111
5,"1,3,1",1,0.5
5,"2,3,0",1,0.5
6,"1,3,2",1,1.0
7,"2,4,1",1,1.0
