Size,"NWASP,NCK,NEPHRIN",Count,Frequency in clusters of the same size
2,"0,1,1",7,0.2692307692307692
2,"1,1,0",19,0.7307692307692307
3,"0,2,1",1,0.043478260869565216
3,"1,1,1",1,0.043478260869565216
3,"1,2,0",21,0.9130434782608695
4,"1,2,1",2,0.6666666666666666
4,"1,3,0",1,0.3333333333333333
5,"1,2,2",1,0.3333333333333333
5,"1,3,1",1,0.3333333333333333
5,"2,2,1",1,0.3333333333333333
8,"1,5,2",1,1.0
