Size,"NWASP,NCK,NEPHRIN",Count,Frequency in clusters of the same size
2,"0,1,1",3,0.14285714285714285
2,"1,1,0",18,0.8571428571428571
3,"0,2,1",1,0.08333333333333333
3,"1,1,1",1,0.08333333333333333
3,"1,2,0",10,0.8333333333333334
4,"1,2,1",8,1.0
5,"1,3,1",2,1.0
7,"2,4,1",1,1.0
9,"2,5,2",3,1.0
15,"3,8,4",1,1.0
