Size,Count,Frequency,Fraction of total molecules
1,2,0.15384615384615385,0.05555555555555555
2,5,0.38461538461538464,0.2777777777777778
3,1,0.07692307692307693,0.08333333333333333
4,4,0.3076923076923077,0.4444444444444444
5,1,0.07692307692307693,0.1388888888888889
