Size,Count,Frequency,Fraction of total molecules
1,6,0.35294117647058826,0.16666666666666666
2,6,0.35294117647058826,0.3333333333333333
3,3,0.17647058823529413,0.25
4,1,0.058823529411764705,0.1111111111111111
5,1,0.058823529411764705,0.1388888888888889
