Size,Count,Frequency,Fraction of total molecules
1,27,0.7297297297297297,0.54
2,7,0.1891891891891892,0.28
3,3,0.08108108108108109,0.18
