Size,Count,Frequency,Fraction of total molecules
1,26,0.7222222222222222,0.52
2,6,0.16666666666666666,0.24
3,4,0.1111111111111111,0.24
