BondCounts,frequency
1,0.15384615384615385
2,0.8461538461538461
