BondCounts,frequency
1,0.15789473684210525
2,0.8421052631578947
