BondCounts,frequency
1,0.18181818181818182
2,0.8181818181818182
