BondCounts,frequency
1,0.0425531914893617
2,0.9574468085106383
