BondCounts,frequency
1,0.7368421052631579
2,0.2631578947368421
