Size,Frequency,Fraction of total molecules
1,0.8198412698412698,0.72
2,0.18015873015873013,0.27999999999999997
