Size,Frequency,Fraction of total molecules
1,0.7027777777777777,0.54
2,0.23888888888888887,0.32
3,0.025,0.06
4,0.03333333333333333,0.08
