Size,Frequency,Fraction of total molecules
1,0.575,0.39999999999999997
2,0.31666666666666665,0.36
3,0.025,0.06
4,0.03333333333333333,0.08
5,0.05,0.1
