Size,Frequency,Fraction of total molecules
1,0.9055555555555556,0.8400000000000001
2,0.09444444444444444,0.16
