Time, Free, Bound,State0,PRM_SH3_1,PRM_SH3_2,PRM_SH3_3,
0.0,10,0,10,0,0,0,
0.0040000099999842244,5,5,10,2,2,1,
0.00800000999996047,4,6,10,3,0,3,
0.012000009999936714,5,5,10,0,2,3,
0.016000009999978013,6,4,10,0,2,2,
0.020000000000648145,5,5,10,2,3,0,
0.02400000000131828,5,5,10,2,1,2,
0.028000000001988413,4,6,10,3,2,1,
0.03200000000265855,3,7,10,4,3,0,
0.03600000000332868,4,6,10,2,1,3,
0.040000000003998816,4,6,10,0,2,4,
0.04400000000466895,5,5,10,4,0,1,
0.048000000005339084,2,8,10,3,5,0,
