Time, Free, Bound,State0,PRM_SH3_1,PRM_SH3_2,PRM_SH3_3,
0.0,10,0,10,0,0,0,
0.0040000099999842244,4,6,10,3,2,1,
0.00800000999996047,3,7,10,1,2,4,
0.012000009999936714,1,9,10,2,3,4,
0.016000009999978013,1,9,10,2,2,5,
0.020000000000648145,2,8,10,6,1,1,
0.02400000000131828,3,7,10,3,2,2,
0.028000000001988413,2,8,10,2,2,4,
0.03200000000265855,4,6,10,3,1,2,
0.03600000000332868,4,6,10,3,1,2,
0.040000000003998816,4,6,10,2,4,0,
0.04400000000466895,1,9,10,3,5,1,
0.048000000005339084,2,8,10,3,3,2,
